{
  "T1": {
    "test": "T1_p_flip",
    "margins": [
      0.02,
      0.06,
      0.1,
      0.13999999999999999,
      0.18,
      0.22,
      0.26,
      0.30000000000000004,
      0.34,
      0.38,
      0.42000000000000004,
      0.46,
      0.5,
      0.54,
      0.5800000000000001,
      0.62,
      0.66,
      0.7000000000000001,
      0.74,
      0.78,
      0.8200000000000001,
      0.86,
      0.9,
      0.9400000000000001,
      0.98
    ],
    "shots": [
      10,
      30,
      100,
      300,
      1000,
      3000,
      10000
    ],
    "p_flip_closed": [
      [
        0.47478044788361,
        0.4563766188492811,
        0.42072464422166933,
        0.3644912073394612,
        0.26350330236391273,
        0.13661286224710523,
        0.02272853772250869
      ],
      [
        0.4246235695347747,
        0.3709921803292754,
        0.2738923778512107,
        0.14891313925116112,
        0.028664689819721905,
        0.0004969164609628897,
        9.228836782209191e-10
      ],
      [
        0.37531041208281535,
        0.29099445002862145,
        0.15743932066820998,
        0.04086137614932964,
        0.0007409403873601921,
        1.8477405470175165e-08,
        4.575778135093458e-24
      ],
      [
        0.32739335935957725,
        0.21933572143329644,
        0.07869195711051358,
        0.007162871271554071,
        3.8886673459612e-06,
        4.80222728226973e-15,
        1.0879494667308967e-45
      ],
      [
        0.28140880529069767,
        0.15810634117325445,
        0.03363332326767588,
        0.0007636137800490998,
        3.5909500276409812e-09,
        6.056699712000562e-24,
        4.2231588352009087e-75
      ],
      [
        0.23786906560017163,
        0.10836808772320639,
        0.012058694704153175,
        4.687664135927496e-05,
        4.955420072250013e-13,
        2.3600170933712103e-35,
        6.339752503052911e-113
      ],
      [
        0.19725260140899736,
        0.0701332912247845,
        0.003544838884025077,
        1.5526889103826213e-06,
        8.347060165803639e-18,
        1.584817885164986e-49,
        5.445807522211997e-160
      ],
      [
        0.15999210880050563,
        0.04248878957416923,
        0.0008308472289917536,
        2.560635285931516e-08,
        1.3271603059055685e-23,
        8.609838779718713e-67,
        2.197171500786724e-217
      ],
      [
        0.12646011606870333,
        0.023838962495340277,
        0.00014995080139517804,
        1.8999831456030305e-10,
        1.4327145957934129e-30,
        1.4226260624197856e-87,
        1.6183730581330536e-286
      ],
      [
        0.09695191928994851,
        0.012220145540475416,
        1.9940487775975432e-05,
        5.573132101420564e-13,
        6.865739048721987e-39,
        2.012485124166248e-112,
        0.0
      ],
      [
        0.07166604640994133,
        0.005624822626981554,
        1.846281765541104e-06,
        5.467116662377492e-16,
        8.405467282528119e-49,
        4.671188991992093e-142,
        0.0
      ],
      [
        0.05068306690638386,
        0.0022729855380060732,
        1.1055510093918684e-07,
        1.440705972411422e-19,
        1.271772829343126e-60,
        2.0225031379988647e-177,
        0.0
      ],
      [
        0.033944577430914495,
        0.000782701129001274,
        3.882018268965334e-09,
        7.61985302416047e-24,
        9.031581165470274e-75,
        8.979163924003122e-220,
        0.0
      ],
      [
        0.02123570395058122,
        0.00022061664727430122,
        7.001772723645172e-11,
        5.447919584784025e-29,
        8.08885633816116e-92,
        7.953985019050328e-271,
        0.0
      ],
      [
        0.01217647548549391,
        4.814841499243185e-05,
        5.399684737412067e-13,
        3.0437309057512026e-35,
        1.474762856783325e-112,
        0.0,
        0.0
      ],
      [
        0.006229629692065132,
        7.518111871954144e-06,
        1.3712437810515333e-15,
        6.084837281683244e-43,
        4.0635782639261675e-138,
        0.0,
        0.0
      ],
      [
        0.0027337516903565926,
        7.477401682607044e-07,
        7.806042270229413e-19,
        1.3769666719500283e-52,
        3.663248241276313e-170,
        0.0,
        0.0
      ],
      [
        0.0009687403546254139,
        3.9641034129541786e-08,
        5.521061791491971e-23,
        6.026202736621445e-65,
        3.0025025724047397e-211,
        0.0,
        0.0
      ],
      [
        0.00025152401474367377,
        8.401973652752664e-10,
        1.8693861437695646e-28,
        2.93102362322537e-81,
        1.6475632646657382e-265,
        0.0,
        0.0
      ],
      [
        4.0468848094285954e-05,
        4.333542530121527e-12,
        5.833401702168423e-36,
        1.137783968212797e-103,
        0.0,
        0.0,
        0.0
      ],
      [
        2.942827207775957e-06,
        2.1308797544836165e-15,
        7.466892828653083e-47,
        3.139732121307293e-136,
        0.0,
        0.0,
        0.0
      ],
      [
        4.92700649727675e-08,
        1.3432909650695797e-20,
        4.9838260919270115e-64,
        1.2873692327184162e-187,
        0.0,
        0.0,
        0.0
      ],
      [
        3.3041923269709174e-11,
        5.917833259734606e-30,
        5.149132755933598e-95,
        2.1244790067985216e-280,
        0.0,
        0.0,
        0.0
      ],
      [
        1.4839727897917327e-18,
        9.309899786464756e-52,
        2.100390549154797e-167,
        0.0,
        0.0,
        0.0,
        0.0
      ],
      [
        5.534386837885634e-55,
        1.5076750430688323e-160,
        0.0,
        0.0,
        0.0,
        0.0,
        0.0
      ]
    ],