{
  "rq1": {
    "popskipjump": {
      "contrast": "calibrated_vs_popskipjump",
      "success_rate": {
        "prop_a": 0.503125,
        "prop_b": 0.440625,
        "diff": 0.06250000000000006,
        "z": 2.2396139238364294,
        "p_value": 0.025115997981974614,
        "n_a": 640,
        "n_b": 640
      },
      "perturbation_mannwhitney": {
        "median_a": 0.7648725515202162,
        "median_b": 0.7991558188115226,
        "u_statistic": 43386.0,
        "p_value": 0.3462011403399091,
        "rank_biserial_effect": 0.044403330249768724,
        "n_a": 322,
        "n_b": 282
      },
      "median_ci_a": {
        "point": 0.7648725515202162,
        "lo": 0.7209317302625552,
        "hi": 0.8075133485960426,
        "n": 322,
        "stat": "median"
      },
      "median_ci_b": {
        "point": 0.7991558188115226,
        "lo": 0.767454966356264,
        "hi": 0.833690488630729,
        "n": 282,
        "stat": "median"
      }
    },
    "fixed_hsja": {
      "contrast": "calibrated_vs_fixed_hsja",
      "success_rate": {
        "prop_a": 0.503125,
        "prop_b": 0.0640625,
        "diff": 0.4390625,
        "z": 17.425021570130408,
        "p_value": 0.0,
        "n_a": 640,
        "n_b": 640
      },
      "perturbation_mannwhitney": {
        "median_a": 0.7648725515202162,
        "median_b": 0.9167146923797013,
        "u_statistic": 4158.0,
        "p_value": 0.00011352181255018001,
        "rank_biserial_effect": 0.37009544008483564,
        "n_a": 322,
        "n_b": 41
      },
      "median_ci_a": {
        "point": 0.7648725515202162,
        "lo": 0.7209317302625552,
        "hi": 0.8075133485960426,
        "n": 322,
        "stat": "median"
      },
      "median_ci_b": {
        "point": 0.9167146923797013,
        "lo": 0.8411681962367332,
        "hi": 1.039478484579866,
        "n": 41,
        "stat": "median"
      }
    }
  },
  "rq3": {
    "T=20000:calibrated_vs_popskipjump": {
      "contrast": "calibrated_vs_popskipjump@T=20000",
      "success_rate": {
        "prop_a": 0.590625,
        "prop_b": 0.0,
        "diff": 0.590625,
        "z": 23.160483204407473,
        "p_value": 0.0,
        "n_a": 640,
        "n_b": 640
      },
      "perturbation_mannwhitney": {
        "p_value": NaN,
        "n_a": 378,
        "n_b": 0
      },
      "median_ci_a": {
        "point": 0.8935783098938103,
        "lo": 0.8259754741179651,
        "hi": 0.9197586758499973,
        "n": 378,
        "stat": "median"
      },
      "median_ci_b": {
        "point": NaN,
        "lo": NaN,
        "hi": NaN,
        "n": 0
      }
    },
    "T=20000:calibrated_vs_fixed_hsja": {
      "contrast": "calibrated_vs_fixed_hsja@T=20000",
      "success_rate": {
        "prop_a": 0.590625,
        "prop_b": 0.3359375,
        "diff": 0.25468749999999996,
        "z": 9.136647589390279,
        "p_value": 0.0,
        "n_a": 640,
        "n_b": 640
      },
      "perturbation_mannwhitney": {
        "median_a": 0.8935783098938103,
        "median_b": 0.8103497810466512,
        "u_statistic": 45075.0,
        "p_value": 0.026867825045578126,
        "rank_biserial_effect": -0.10926541159099301,
        "n_a": 378,
        "n_b": 215
      },
      "median_ci_a": {
        "point": 0.8935783098938103,
        "lo": 0.8259754741179651,
        "hi": 0.9197586758499973,
        "n": 378,
        "stat": "median"
      },
      "median_ci_b": {
        "point": 0.8103497810466512,
        "lo": 0.7706490297804935,
        "hi": 0.8524710348360449,
        "n": 215,
        "stat": "median"
      }
    },
    "T=80000:calibrated_vs_popskipjump": {
      "contrast": "calibrated_vs_popskipjump@T=80000",
      "success_rate": {
        "prop_a": 0.503125,
        "prop_b": 0.440625,
        "diff": 0.06250000000000006,
        "z": 2.2396139238364294,
        "p_value": 0.025115997981974614,
        "n_a": 640,
        "n_b": 640
      },
      "perturbation_mannwhitney": {
        "median_a": 0.7648725515202162,
        "median_b": 0.7991558188115226,
        "u_statistic": 43386.0,
        "p_value": 0.3462011403399091,
        "rank_biserial_effect": 0.044403330249768724,
        "n_a": 322,
        "n_b": 282
      },
      "median_ci_a": {
        "point": 0.7648725515202162,
        "lo": 0.7209317302625552,
        "hi": 0.8075133485960426,
        "n": 322,
        "stat": "median"
      },
      "median_ci_b": {
        "point": 0.7991558188115226,
        "lo": 0.767454966356264,
        "hi": 0.833690488630729,
        "n": 282,
        "stat": "median"
      }
    },
    "T=80000:calibrated_vs_fixed_hsja": {
      "contrast": "calibrated_vs_fixed_hsja@T=80000",
      "success_rate": {
        "prop_a": 0.503125,
        "prop_b": 0.0640625,
        "diff": 0.4390625,
        "z": 17.425021570130408,
        "p_value": 0.0,
        "n_a": 640,
        "n_b": 640
      },
      "perturbation_mannwhitney": {
        "median_a": 0.7648725515202162,
        "median_b": 0.9167146923797013,
        "u_statistic": 4158.0,
        "p_value": 0.00011352181255018001,
        "rank_biserial_effect": 0.37009544008483564,
        "n_a": 322,
        "n_b": 41
      },
      "median_ci_a": {
        "point": 0.7648725515202162,
        "lo": 0.7209317302625552,
        "hi": 0.8075133485960426,
        "n": 322,
        "stat": "median"
      },
      "median_ci_b": {
        "point": 0.9167146923797013,
        "lo": 0.8411681962367332,
        "hi": 1.039478484579866,
        "n": 41,
        "stat": "median"
      }
    },
    "T=160000:calibrated_vs_popskipjump": {
      "contrast": "calibrated_vs_popskipjump@T=160000",
      "success_rate": {
        "prop_a": 0.496875,
        "prop_b": 0.378125,
        "diff": 0.11875000000000002,
        "z": 4.282114890624484,
        "p_value": 1.8512534884163045e-05,
        "n_a": 640,
        "n_b": 640
      },
      "perturbation_mannwhitney": {
        "median_a": 0.7210205372800524,
        "median_b": 0.7217258782980176,
        "u_statistic": 38541.0,
        "p_value": 0.9737137009974339,
        "rank_biserial_effect": -0.0016372992359270366,
        "n_a": 318,
        "n_b": 242
      },
      "median_ci_a": {
        "point": 0.7210205372800524,
        "lo": 0.6793223841284477,
        "hi": 0.7532153433968927,
        "n": 318,
        "stat": "median"
      },
      "median_ci_b": {
        "point": 0.7217258782980176,
        "lo": 0.677206162776616,
        "hi": 0.7594451796871577,
        "n": 242,
        "stat": "median"
      }
    },
    "T=160000:calibrated_vs_fixed_hsja": {
      "contrast": "calibrated_vs_fixed_hsja@T=160000",
      "success_rate": {
        "prop_a": 0.496875,
        "prop_b": 0.040625,
        "diff": 0.45625,
        "z": 18.410716504533337,
        "p_value": 0.0,
        "n_a": 640,
        "n_b": 640
      },
      "perturbation_mannwhitney": {
        "median_a": 0.7210205372800524,
        "median_b": 0.9865674697912967,
        "u_statistic": 2076.0,
        "p_value": 2.4421562476692083e-05,
        "rank_biserial_effect": 0.497822931785196,
        "n_a": 318,
        "n_b": 26
      },
      "median_ci_a": {
        "point": 0.7210205372800524,
        "lo": 0.6793223841284477,
        "hi": 0.7532153433968927,
        "n": 318,
        "stat": "median"
      },
      "median_ci_b": {
        "point": 0.9865674697912967,
        "lo": 0.8345250078502746,
        "hi": 1.145007033285119,
        "n": 26,
        "stat": "median"
      }
    }
  },
  "rq4": {
    "none_vs_depolarizing": {
      "contrast": "none_vs_depolarizing",
      "success_rate": {
        "prop_a": 0.7692307692307693,
        "prop_b": 0.5432692307692307,
        "diff": 0.22596153846153855,
        "z": 4.851713876469588,
        "p_value": 1.2239911943989767e-06,
        "n_a": 208,
        "n_b": 208
      },
      "perturbation_mannwhitney": {
        "median_a": 0.77483513680515,
        "median_b": 1.202747531762656,
        "u_statistic": 6571.0,